Wissen|Schlagworte|Verfassung – Grundrechte
Wissen|Schlagworte|Verfassung – Eigentumsgarantie
Wissen|Schlagworte|Verfassung – Rechtsgleichheit
Wissen|Schlagworte|Verfassung – Willkürverbot
Wissen|Schlagworte|Verfassung – Wirtschaftsfreiheit
Wissen|Schlagworte|Verfahren – Beweislast
Wissen|Schlagworte|Verfahren – Mitwirkungspflicht
Wissen|Schlagworte|Verfahren – Akteneinsicht
Wissen|Schlagworte|Verfahren – Rechtsmittel
Wissen|Schlagworte|Verfahren – Selbstanzeige
Wissen|Schlagworte|Verfahren – Verjährung
Wissen|Schlagworte|Verfahren – Schätzung
Wissen|Schlagworte|Verfahren – Datenzugriff
Wissen|Schlagworte|Verfahren – GoBD
Wissen|Schlagworte|Verfahren – Ruling / APA
Wissen|Schlagworte|Verfahren – Schiedsverfahren
Wissen|Schlagworte|TP – Arm’s Length Principle
Wissen|Schlagworte|TP – CUP
Wissen|Schlagworte|TP – Cost Plus
Wissen|Schlagworte|TP – Resale Price
Wissen|Schlagworte|TP – TNMM / Neto-Marge
Wissen|Schlagworte|TP – Profit Split
Wissen|Schlagworte|TP – DEMPE
Wissen|Schlagworte|TP – DEMPE / Intangibles
Wissen|Schlagworte|TP – Hard-to-Value Intangibles
Wissen|Schlagworte|TP – Low Value-Adding Services
Wissen|Schlagworte|TP – Cost Contribution Arrangement
Wissen|Schlagworte|TP – Cash Pooling
Wissen|Schlagworte|TP – Finanztransaktionen
Wissen|Schlagworte|TP – Garantien
Wissen|Schlagworte|TP – Lizenz / Royalties
Wissen|Schlagworte|TP – Management Fees
Wissen|Schlagworte|TP – Funktionsverlagerung
Wissen|Schlagworte|TP – Exit Tax / Exit Charge
Wissen|Schlagworte|TP – Permanent Establishment
Wissen|Schlagworte|TP – AOA / AOA Authorised OECD Approach
Wissen|Schlagworte|TP – Master File
Wissen|Schlagworte|TP – Local File
Wissen|Schlagworte|TP – Country-by-Country Reporting
Wissen|Schlagworte|TP – Safe Harbour
Wissen|Schlagworte|TP – Secondary Adjustment
Wissen|Schlagworte|TP – Corresponding Adjustment
Wissen|Schlagworte|TP – Benchmarking / Comparables
Wissen|Schlagworte|Allgemein – Compliance
Wissen|Schlagworte|Allgemein – Tax CMS
