Pfad;Rechtsgebiet;Rechtsordnung
01 Internationales Steuerrecht/Amtshilfe und Rechtshilfe;Steuerrecht;OECD
01 Internationales Steuerrecht/Auslandsimmobilie;Steuerrecht;Deutschland
01 Internationales Steuerrecht/Betriebstaette;Steuerrecht;Deutschland || Schweiz
01 Internationales Steuerrecht/DBA-DE-CH;Steuerrecht;Deutschland || Schweiz
01 Internationales Steuerrecht/DBA-DE-CH ErbSt;Steuerrecht;Deutschland || Schweiz
01 Internationales Steuerrecht/Freihandel;Öffentliches Recht;EU
01 Internationales Steuerrecht/IP-Box;Steuerrecht;Malta || EU
01 Internationales Steuerrecht/Malta;Steuerrecht;Malta
01 Internationales Steuerrecht/Mitteilungspflichten;Steuerrecht;Deutschland || EU
01 Internationales Steuerrecht/Monaco;Steuerrecht;Monaco
01 Internationales Steuerrecht/OECD - Mindestbesteuerung;Steuerrecht;OECD
01 Internationales Steuerrecht/Steuerabkommen_CH;Steuerrecht;Schweiz
01 Internationales Steuerrecht/Verrechnungspreise;Steuerrecht;OECD
01 Internationales Steuerrecht/Zypern;Steuerrecht;EU
02 Steuern DE/Betriebsprüfung;Steuerrecht;Deutschland
02 Steuern DE/Bewertung;Steuerrecht;Deutschland
02 Steuern DE/Bilanz und Jahresabschluss;Steuerrecht;Deutschland
02 Steuern DE/CO2_Emsssionshandel;Steuerrecht;Deutschland || EU
02 Steuern DE/Einkommensteuer;Steuerrecht;Deutschland
02 Steuern DE/Erbschaftsteuer;Steuerrecht;Deutschland
02 Steuern DE/Kassenbuchführung;Steuerrecht;Deutschland
02 Steuern DE/Kfz und Steuern;Steuerrecht;Deutschland
02 Steuern DE/Lohnsteuer;Steuerrecht;Deutschland
02 Steuern DE/Rechnung;Steuerrecht;Deutschland
02 Steuern DE/Schätzung;Steuerrecht;Deutschland
02 Steuern DE/Steuerwissenschaften;Steuerrecht;
02 Steuern DE/Umsatzsteuer;Steuerrecht;Deutschland
02 Steuern DE/Verbrauchsteuern;Steuerrecht;Deutschland
02 Steuern DE/Verfahrensrecht;Steuerrecht;Deutschland
03 Steuern CH/MWST;Steuerrecht;Schweiz
03 Steuern CH/Quellensteuer_CH;Steuerrecht;Schweiz
03 Steuern CH/Steuerverfahrensrecht_CH;Steuerrecht;Schweiz
03 Steuern CH/Unternehmen;Steuerrecht;Schweiz
04 Recht allgemein/Berufsrecht CH;Berufsrecht;Schweiz
04 Recht allgemein/Berufsrecht DE;Berufsrecht;Deutschland
04 Recht allgemein/Bewertung;Recht allgemein;
04 Recht allgemein/Bilanz und Jahresabschluss;Steuerrecht;
04 Recht allgemein/Checklisten;Recht allgemein;
04 Recht allgemein/CO2_Emsssionshandel;Öffentliches Recht;Deutschland || EU
04 Recht allgemein/Compliance;Recht allgemein;
04 Recht allgemein/Gesetze;Recht allgemein;
04 Recht allgemein/Recht_CH_Diverse;Recht allgemein;Schweiz
04 Recht allgemein/Recht_DE_Diverse;Recht allgemein;Deutschland
04 Recht allgemein/SchKG CH;Zivilrecht;Schweiz
04 Recht allgemein/Sozialrecht_DE;Soziale Sicherung;Deutschland
04 Recht allgemein/Statistik und Daten;Recht allgemein;
04 Recht allgemein/Strafrecht_CH;Strafrecht;Schweiz
04 Recht allgemein/Strafrecht_DE;Strafrecht;Deutschland
04 Recht allgemein/Vertragsrecht;Zivilrecht;
05 eigene Literatur/01 Wassermeyer DBA;Steuerrecht;
05 eigene Literatur/02 SchwarzArbG-Komm;Strafrecht;Deutschland
05 eigene Literatur/03 Publikationen;Recht allgemein;
05 eigene Literatur/04 Entwuerfe;Recht allgemein;
05 eigene Literatur/05 Hinweise;Recht allgemein;
05 eigene Literatur/06 Diverse;Recht allgemein;
